[
  {
    "from": null,
    "definition": "Эта мебель обычно имеет ножки?",
    "yes": "Оно имеет большие размеры?",
    "no": "Оно мягкое?",
    "property": "имеет ножки",
    "count": 0
  },
  {
    "from": "Эта мебель обычно имеет ножки?",
    "definition": "Оно имеет большие размеры?",
    "yes": "Похож на Шкаф, но уже его?",
    "no": "За ней сидят в школе?",
    "property": "большое",
    "count": 0
  },
  {
    "from": "Эта мебель обычно имеет ножки?",
    "definition": "Оно мягкое?",
    "yes": "Пуфик",
    "no": "В нём хранят различные вещи?",
    "property": "мягкое",
    "count": 0
  },
  {
    "from": "Оно мягкое?",
    "definition": "Пуфик",
    "yes": null,
    "no": null,
    "property": null,
    "count": 1
  },
  {
    "from": "Оно мягкое?",
    "definition": "В нём хранят различные вещи?",
    "yes": "У него есть ящики для хранения?",
    "no": "Полка",
    "property": "место хранения вещей",
    "count": 0
  },
  {
    "from": "Оно имеет большие размеры?",
    "definition": "Похож на Шкаф, но уже его?",
    "yes": "Пенал",
    "no": "Шкаф",
    "property": "уже шкафа",
    "count": 0
  },
  {
    "from": "Оно имеет большие размеры?",
    "definition": "За ней сидят в школе?",
    "yes": "Парта",
    "no": "За ним работают, либо употребляют пищу?",
    "property": "школьная мебель",
    "count": 0
  },
  {
    "from": "За ней сидят в школе?",
    "definition": "Парта",
    "yes": null,
    "no": null,
    "property": null,
    "count": 2
  },
  {
    "from": "За ней сидят в школе?",
    "definition": "За ним работают, либо употребляют пищу?",
    "yes": "Стол",
    "no": "На нём обычно загорают/отдыхают? ",
    "property": "рабочее место, за ним едят",
    "count": 0
  },
  {
    "from": "За ним работают, либо употребляют пищу?",
    "definition": "Стол",
    "yes": null,
    "no": null,
    "property": null,
    "count": 1
  },
  {
    "from": "За ним работают, либо употребляют пищу?",
    "definition": "На нём обычно загорают/отдыхают? ",
    "yes": "Шезлонг",
    "no": "Стул",
    "property": "для отдыха",
    "count": 0
  },
  {
    "from": "Похож на Шкаф, но уже его?",
    "definition": "Пенал",
    "yes": null,
    "no": null,
    "property": null,
    "count": 1
  },
  {
    "from": "Похож на Шкаф, но уже его?",
    "definition": "Шкаф",
    "yes": null,
    "no": null,
    "property": null,
    "count": 3
  },
  {
    "from": "В нём хранят различные вещи?",
    "definition": "У него есть ящики для хранения?",
    "yes": "Комод",
    "no": "Сундук",
    "property": "есть ящики",
    "count": 0
  },
  {
    "from": "В нём хранят различные вещи?",
    "definition": "Полка",
    "yes": null,
    "no": null,
    "property": null,
    "count": 2
  },
  {
    "from": "У него есть ящики для хранения?",
    "definition": "Комод",
    "yes": null,
    "no": null,
    "property": null,
    "count": 1
  },
  {
    "from": "У него есть ящики для хранения?",
    "definition": "Сундук",
    "yes": null,
    "no": null,
    "property": null,
    "count": 1
  },
  {
    "from": "На нём обычно загорают/отдыхают? ",
    "definition": "Шезлонг",
    "yes": null,
    "no": null,
    "property": null,
    "count": 2
  },
  {
    "from": "На нём обычно загорают/отдыхают? ",
    "definition": "Стул",
    "yes": null,
    "no": null,
    "property": null,
    "count": 3
  }
]