[
  {
    "from": null,
    "definition": "Эта мебель обычно имеет ножки?",
    "yes": "Оно имеет большие размеры?",
    "no": "Оно мягкое?",
    "property": "имеет ножки",
    "count": 0
  },
  {
    "from": "Эта мебель обычно имеет ножки?",
    "definition": "Оно имеет большие размеры?",
    "yes": "Шкаф",
    "no": "Стул",
    "property": "большое",
    "count": 0
  },
  {
    "from": "Эта мебель обычно имеет ножки?",
    "definition": "Оно мягкое?",
    "yes": "Пуфик",
    "no": "Полка",
    "property": "мягкое",
    "count": 0
  },
  {
    "from": "Оно мягкое?",
    "definition": "Пуфик",
    "yes": null,
    "no": null,
    "property": null,
    "count": 1
  },
  {
    "from": "Оно мягкое?",
    "definition": "Полка",
    "yes": null,
    "no": null,
    "property": null,
    "count": 2
  },
  {
    "from": "Оно имеет большие размеры?",
    "definition": "Шкаф",
    "yes": null,
    "no": null,
    "property": null,
    "count": 2
  },
  {
    "from": "Оно имеет большие размеры?",
    "definition": "Стул",
    "yes": null,
    "no": null,
    "property": null,
    "count": 3
  }
]